{
  "cart": [
    {
      "idPro": "1",
      "soluong": 1,
      "size": "M",
      "color": "Trắng",
      "id": 1
    }
  ],
  "size": [
    {
      "id": 1,
      "size": "XL"
    },
    {
      "id": 2,
      "size": "M"
    },
    {
      "id": 3,
      "size": "L"
    },
    {
      "id": 4,
      "size": "XXL"
    }
  ],
  "color": [
    {
      "id": 1,
      "color": "Đen"
    },
    {
      "id": 2,
      "color": "Trắng"
    },
    {
      "id": 3,
      "color": "Xanh"
    }
  ],
  "products": [
    {
      "name": "Áo Phao Nữ 3S Siêu Nhẹ Tay Raglan",
      "price": "452",
      "soluong": 123,
      "size": "XL",
      "color": "Tím",
      "img": "/img/pro1.jpg",
      "desc": "Thành phần: 100% Nylon ở lớp ngoài và lớp lót, 100% Polyester lớp bông nhồi\n\nLà sẩn phẩm quốc dân kế thừa bản 3S - Siêu nhẹ, Siêu gọn, Siêu ấm\n\nĐiểm nhấn sản phẩm năm nay là thiết kế mới mẻ tay raglan, in phản quang logo và lưng eo, tạo ra sự khác biệt, cá tính và ấn tượng\n\nSản xuất tại Việt Nam\n\nYODY - Look good. Feel good.",
      "id": 1,
      "idCategory": 3
    }
  ],
  "category": [
    {
      "id": 1,
      "name": "Quần"
    },
    {
      "id": 2,
      "name": "Áo"
    },
    {
      "id": 3,
      "name": "Váy"
    }
  ],
  "user": [
    {
      "userName": "ninhnc",
      "email": "123@gmail.com",
      "password": "123",
      "id": 1
    }
  ]
}